{"cameraMode":{"drawMode":0,"name":"Shaded","section":"Shading Mode"},"sceneLighting":false,"audioPlay":false,"sceneViewState":{"m_AlwaysRefresh":false,"showFog":true,"showSkybox":false,"showFlares":true,"showImageEffects":true,"showParticleSystems":true,"showVisualEffectGraphs":true,"m_FxEnabled":true},"in2DMode":false,"pivot":{"x":-6.800000190734863,"y":3.6999998092651369,"z":37.400001525878909},"rotation":{"x":-0.0018509139772504569,"y":0.9930528998374939,"z":-0.11703246831893921,"w":-0.015790704637765886},"size":14.596220016479493,"orthographic":false}